,models,F1 Scores,Recall Scores,Precision Scores
0,Random Forest,0.8295080509069066,0.7564508531961628,0.7592650742682764
1,Logistic Regression,0.7520908088754783,0.7564508531961628,0.7592650742682764
